polled_at_utc,operator,ok,locations_total,locations_in_radius,evses,error
2026-10-01T08:05:24Z,MFG EV Power,1,595,3,18,
2026-10-01T08:05:24Z,Clenergy EV,1,1400,0,0,
2026-10-01T08:25:00Z,MFG EV Power,1,595,3,18,
2026-10-01T08:25:00Z,Clenergy EV,1,1400,0,0,
2026-10-01T08:40:28Z,MFG EV Power,1,595,3,18,
2026-10-01T08:40:28Z,Clenergy EV,1,1400,0,0,
2026-10-01T08:53:43Z,MFG EV Power,1,595,3,18,
2026-10-01T08:53:43Z,Clenergy EV,1,1400,0,0,
2026-10-01T09:02:27Z,MFG EV Power,1,595,3,18,
2026-10-01T09:02:27Z,Clenergy EV,1,1400,0,0,
2026-10-01T09:20:50Z,MFG EV Power,1,595,3,18,
2026-10-01T09:20:50Z,Clenergy EV,1,1400,0,0,
2026-10-01T09:36:42Z,MFG EV Power,1,595,3,18,
2026-10-01T09:36:42Z,Clenergy EV,1,1400,0,0,
2026-10-01T09:51:23Z,MFG EV Power,1,595,3,18,
2026-10-01T09:51:23Z,Clenergy EV,1,1400,0,0,
2026-10-01T10:01:51Z,MFG EV Power,1,595,3,18,
2026-10-01T10:01:51Z,Clenergy EV,1,1400,0,0,
2026-10-01T10:19:06Z,MFG EV Power,1,595,3,18,
2026-10-01T10:19:06Z,Clenergy EV,1,1400,0,0,
2026-10-01T10:35:16Z,MFG EV Power,1,595,3,18,
2026-10-01T10:35:16Z,Clenergy EV,1,1400,0,0,
2026-10-01T10:49:27Z,MFG EV Power,1,595,3,18,
2026-10-01T10:49:27Z,Clenergy EV,1,1400,0,0,
