operator,location_id,location_name,address,postcode,lat,lon,distance_miles,evse_uid,evse_id,max_kw,connectors,last_seen_utc
MFG EV Power,442,Morrisons Taunton,"Morrisons, Priory Bridge Road",TA1 1DX,51.019437,-3.105182,0.3,1165,GB*MFL*E33021,50.0,IEC_62196_T2_COMBO 50.0kW,2026-10-02T13:46:31Z
MFG EV Power,442,Morrisons Taunton,"Morrisons, Priory Bridge Road",TA1 1DX,51.019437,-3.105182,0.3,1170,GB*MFL*E33022,50.0,IEC_62196_T2_COMBO 50.0kW,2026-10-02T13:46:31Z
MFG EV Power,77,MFG Taunton Deane,"Black Brook Park Avenue, Deane Gate",TA1 2UH,51.017832,-3.065993,1.62,1988,GB*MFL*E5532,50.0,CHADEMO 50.0kW,2026-10-02T13:46:31Z
MFG EV Power,77,MFG Taunton Deane,"Black Brook Park Avenue, Deane Gate",TA1 2UH,51.017832,-3.065993,1.62,1989,GB*MFL*E5551,150.0,IEC_62196_T2_COMBO 150.0kW,2026-10-02T13:46:31Z
MFG EV Power,77,MFG Taunton Deane,"Black Brook Park Avenue, Deane Gate",TA1 2UH,51.017832,-3.065993,1.62,1990,GB*MFL*E5552,50.0,CHADEMO 50.0kW,2026-10-02T13:46:31Z
MFG EV Power,77,MFG Taunton Deane,"Black Brook Park Avenue, Deane Gate",TA1 2UH,51.017832,-3.065993,1.62,1992,GB*MFL*E5542,50.0,CHADEMO 50.0kW,2026-10-02T13:46:31Z
MFG EV Power,77,MFG Taunton Deane,"Black Brook Park Avenue, Deane Gate",TA1 2UH,51.017832,-3.065993,1.62,1993,GB*MFL*E5541,150.0,IEC_62196_T2_COMBO 150.0kW,2026-10-02T13:46:31Z
MFG EV Power,77,MFG Taunton Deane,"Black Brook Park Avenue, Deane Gate",TA1 2UH,51.017832,-3.065993,1.62,1996,GB*MFL*E5531,150.0,IEC_62196_T2_COMBO 150.0kW,2026-10-02T13:46:31Z
MFG EV Power,77,MFG Taunton Deane,"Black Brook Park Avenue, Deane Gate",TA1 2UH,51.017832,-3.065993,1.62,2003,GB*MFL*E5562,50.0,CHADEMO 50.0kW,2026-10-02T13:46:31Z
MFG EV Power,77,MFG Taunton Deane,"Black Brook Park Avenue, Deane Gate",TA1 2UH,51.017832,-3.065993,1.62,2005,GB*MFL*E5561,150.0,IEC_62196_T2_COMBO 150.0kW,2026-10-02T13:46:31Z
MFG EV Power,601,MFG Taunton,Priory Bridge Road,TA1 1DX,51.019788,-3.102616,0.31,3086,GB*MFL*E4413,400.0,IEC_62196_T2_COMBO 400.0kW,2026-10-02T13:46:31Z
MFG EV Power,601,MFG Taunton,Priory Bridge Road,TA1 1DX,51.019788,-3.102616,0.31,3087,GB*MFL*E7799,400.0,IEC_62196_T2_COMBO 400.0kW,2026-10-02T13:46:31Z
MFG EV Power,601,MFG Taunton,Priory Bridge Road,TA1 1DX,51.019788,-3.102616,0.31,3088,GB*MFL*E2524,400.0,IEC_62196_T2_COMBO 400.0kW,2026-10-02T13:46:31Z
MFG EV Power,601,MFG Taunton,Priory Bridge Road,TA1 1DX,51.019788,-3.102616,0.31,3089,GB*MFL*E8827,400.0,IEC_62196_T2_COMBO 400.0kW,2026-10-02T13:46:31Z
MFG EV Power,601,MFG Taunton,Priory Bridge Road,TA1 1DX,51.019788,-3.102616,0.31,3090,GB*MFL*E4035,400.0,IEC_62196_T2_COMBO 400.0kW,2026-10-02T13:46:31Z
MFG EV Power,601,MFG Taunton,Priory Bridge Road,TA1 1DX,51.019788,-3.102616,0.31,3091,GB*MFL*E9112,400.0,IEC_62196_T2_COMBO 400.0kW,2026-10-02T13:46:31Z
MFG EV Power,601,MFG Taunton,Priory Bridge Road,TA1 1DX,51.019788,-3.102616,0.31,3092,GB*MFL*E6544,400.0,IEC_62196_T2_COMBO 400.0kW,2026-10-02T13:46:31Z
MFG EV Power,601,MFG Taunton,Priory Bridge Road,TA1 1DX,51.019788,-3.102616,0.31,3093,GB*MFL*E9185,400.0,IEC_62196_T2_COMBO 400.0kW,2026-10-02T13:46:31Z
