polled_at_utc,operator,location_id,location_name,evse_uid,status,max_kw,status_updated_utc
2026-10-03T00:05:18Z,MFG EV Power,77,MFG Taunton Deane,1989,AVAILABLE,150.0,2026-10-02T21:31:08Z
2026-10-03T00:05:18Z,MFG EV Power,77,MFG Taunton Deane,1990,AVAILABLE,50.0,2026-10-02T21:31:01Z
2026-10-03T00:05:18Z,MFG EV Power,77,MFG Taunton Deane,1992,AVAILABLE,50.0,2026-10-02T22:53:10Z
2026-10-03T00:05:18Z,MFG EV Power,77,MFG Taunton Deane,1993,AVAILABLE,150.0,2026-10-02T22:53:14Z
2026-10-03T00:05:18Z,MFG EV Power,77,MFG Taunton Deane,1988,AVAILABLE,50.0,2026-10-02T22:17:55Z
2026-10-03T00:05:18Z,MFG EV Power,77,MFG Taunton Deane,1996,AVAILABLE,150.0,2026-10-02T22:17:59Z
2026-10-03T00:05:18Z,MFG EV Power,77,MFG Taunton Deane,2003,AVAILABLE,50.0,2026-10-02T22:08:01Z
2026-10-03T00:05:18Z,MFG EV Power,77,MFG Taunton Deane,2005,AVAILABLE,150.0,2026-10-02T22:08:29Z
2026-10-03T00:05:18Z,MFG EV Power,442,Morrisons Taunton,1165,AVAILABLE,50.0,2026-10-02T09:15:18Z
2026-10-03T00:05:18Z,MFG EV Power,442,Morrisons Taunton,1170,AVAILABLE,50.0,2026-10-02T09:15:18Z
2026-10-03T00:05:18Z,MFG EV Power,601,MFG Taunton,3086,AVAILABLE,400.0,2026-10-02T01:38:24Z
2026-10-03T00:05:18Z,MFG EV Power,601,MFG Taunton,3087,AVAILABLE,400.0,2026-10-02T17:50:27Z
2026-10-03T00:05:18Z,MFG EV Power,601,MFG Taunton,3088,AVAILABLE,400.0,2026-10-02T20:23:17Z
2026-10-03T00:05:18Z,MFG EV Power,601,MFG Taunton,3089,AVAILABLE,400.0,2026-10-02T14:22:38Z
2026-10-03T00:05:18Z,MFG EV Power,601,MFG Taunton,3090,AVAILABLE,400.0,2026-10-02T20:35:26Z
2026-10-03T00:05:18Z,MFG EV Power,601,MFG Taunton,3091,AVAILABLE,400.0,2026-10-02T15:54:32Z
2026-10-03T00:05:18Z,MFG EV Power,601,MFG Taunton,3092,OUTOFORDER,400.0,2026-10-01T13:14:30Z
2026-10-03T00:05:18Z,MFG EV Power,601,MFG Taunton,3093,OUTOFORDER,400.0,2026-10-01T13:14:31Z
2026-10-03T00:27:20Z,MFG EV Power,77,MFG Taunton Deane,1989,AVAILABLE,150.0,2026-10-02T21:31:08Z
2026-10-03T00:27:20Z,MFG EV Power,77,MFG Taunton Deane,1990,AVAILABLE,50.0,2026-10-02T21:31:01Z
2026-10-03T00:27:20Z,MFG EV Power,77,MFG Taunton Deane,1992,AVAILABLE,50.0,2026-10-02T22:53:10Z
2026-10-03T00:27:20Z,MFG EV Power,77,MFG Taunton Deane,1993,AVAILABLE,150.0,2026-10-02T22:53:14Z
2026-10-03T00:27:20Z,MFG EV Power,77,MFG Taunton Deane,1988,AVAILABLE,50.0,2026-10-02T22:17:55Z
2026-10-03T00:27:20Z,MFG EV Power,77,MFG Taunton Deane,1996,AVAILABLE,150.0,2026-10-02T22:17:59Z
2026-10-03T00:27:20Z,MFG EV Power,77,MFG Taunton Deane,2003,AVAILABLE,50.0,2026-10-02T22:08:01Z
2026-10-03T00:27:20Z,MFG EV Power,77,MFG Taunton Deane,2005,AVAILABLE,150.0,2026-10-02T22:08:29Z
2026-10-03T00:27:20Z,MFG EV Power,442,Morrisons Taunton,1165,AVAILABLE,50.0,2026-10-02T09:15:18Z
2026-10-03T00:27:20Z,MFG EV Power,442,Morrisons Taunton,1170,AVAILABLE,50.0,2026-10-02T09:15:18Z
2026-10-03T00:27:20Z,MFG EV Power,601,MFG Taunton,3086,AVAILABLE,400.0,2026-10-02T01:38:24Z
2026-10-03T00:27:20Z,MFG EV Power,601,MFG Taunton,3087,AVAILABLE,400.0,2026-10-02T17:50:27Z
2026-10-03T00:27:20Z,MFG EV Power,601,MFG Taunton,3088,AVAILABLE,400.0,2026-10-02T20:23:17Z
2026-10-03T00:27:20Z,MFG EV Power,601,MFG Taunton,3089,AVAILABLE,400.0,2026-10-02T14:22:38Z
2026-10-03T00:27:20Z,MFG EV Power,601,MFG Taunton,3090,AVAILABLE,400.0,2026-10-02T20:35:26Z
2026-10-03T00:27:20Z,MFG EV Power,601,MFG Taunton,3091,AVAILABLE,400.0,2026-10-02T15:54:32Z
2026-10-03T00:27:20Z,MFG EV Power,601,MFG Taunton,3092,OUTOFORDER,400.0,2026-10-01T13:14:30Z
2026-10-03T00:27:20Z,MFG EV Power,601,MFG Taunton,3093,OUTOFORDER,400.0,2026-10-01T13:14:31Z
2026-10-03T00:45:04Z,MFG EV Power,77,MFG Taunton Deane,1989,CHARGING,150.0,2026-10-03T00:29:47.104Z
2026-10-03T00:45:04Z,MFG EV Power,77,MFG Taunton Deane,1990,INOPERATIVE,50.0,2026-10-03T00:29:33.985Z
2026-10-03T00:45:04Z,MFG EV Power,77,MFG Taunton Deane,1992,AVAILABLE,50.0,2026-10-02T22:53:10Z
2026-10-03T00:45:04Z,MFG EV Power,77,MFG Taunton Deane,1993,AVAILABLE,150.0,2026-10-02T22:53:14Z
2026-10-03T00:45:04Z,MFG EV Power,77,MFG Taunton Deane,1988,AVAILABLE,50.0,2026-10-02T22:17:55Z
2026-10-03T00:45:04Z,MFG EV Power,77,MFG Taunton Deane,1996,AVAILABLE,150.0,2026-10-02T22:17:59Z
2026-10-03T00:45:04Z,MFG EV Power,77,MFG Taunton Deane,2003,AVAILABLE,50.0,2026-10-02T22:08:01Z
2026-10-03T00:45:04Z,MFG EV Power,77,MFG Taunton Deane,2005,AVAILABLE,150.0,2026-10-02T22:08:29Z
2026-10-03T00:45:04Z,MFG EV Power,442,Morrisons Taunton,1165,AVAILABLE,50.0,2026-10-02T09:15:18Z
2026-10-03T00:45:04Z,MFG EV Power,442,Morrisons Taunton,1170,AVAILABLE,50.0,2026-10-02T09:15:18Z
2026-10-03T00:45:04Z,MFG EV Power,601,MFG Taunton,3086,AVAILABLE,400.0,2026-10-02T01:38:24Z
2026-10-03T00:45:04Z,MFG EV Power,601,MFG Taunton,3087,AVAILABLE,400.0,2026-10-02T17:50:27Z
2026-10-03T00:45:04Z,MFG EV Power,601,MFG Taunton,3088,AVAILABLE,400.0,2026-10-02T20:23:17Z
2026-10-03T00:45:04Z,MFG EV Power,601,MFG Taunton,3089,AVAILABLE,400.0,2026-10-02T14:22:38Z
2026-10-03T00:45:04Z,MFG EV Power,601,MFG Taunton,3090,AVAILABLE,400.0,2026-10-02T20:35:26Z
2026-10-03T00:45:04Z,MFG EV Power,601,MFG Taunton,3091,AVAILABLE,400.0,2026-10-02T15:54:32Z
2026-10-03T00:45:04Z,MFG EV Power,601,MFG Taunton,3092,OUTOFORDER,400.0,2026-10-01T13:14:30Z
2026-10-03T00:45:04Z,MFG EV Power,601,MFG Taunton,3093,OUTOFORDER,400.0,2026-10-01T13:14:31Z
2026-10-03T00:58:35Z,MFG EV Power,77,MFG Taunton Deane,1989,AVAILABLE,150.0,2026-10-03T00:55:44.942Z
2026-10-03T00:58:35Z,MFG EV Power,77,MFG Taunton Deane,1990,INOPERATIVE,50.0,2026-10-03T00:29:33.985Z
2026-10-03T00:58:35Z,MFG EV Power,77,MFG Taunton Deane,1992,AVAILABLE,50.0,2026-10-02T22:53:10Z
2026-10-03T00:58:35Z,MFG EV Power,77,MFG Taunton Deane,1993,AVAILABLE,150.0,2026-10-02T22:53:14Z
2026-10-03T00:58:35Z,MFG EV Power,77,MFG Taunton Deane,1988,AVAILABLE,50.0,2026-10-02T22:17:55Z
2026-10-03T00:58:35Z,MFG EV Power,77,MFG Taunton Deane,1996,AVAILABLE,150.0,2026-10-02T22:17:59Z
2026-10-03T00:58:35Z,MFG EV Power,77,MFG Taunton Deane,2003,AVAILABLE,50.0,2026-10-02T22:08:01Z
2026-10-03T00:58:35Z,MFG EV Power,77,MFG Taunton Deane,2005,AVAILABLE,150.0,2026-10-02T22:08:29Z
2026-10-03T00:58:35Z,MFG EV Power,442,Morrisons Taunton,1165,AVAILABLE,50.0,2026-10-02T09:15:18Z
2026-10-03T00:58:35Z,MFG EV Power,442,Morrisons Taunton,1170,AVAILABLE,50.0,2026-10-02T09:15:18Z
2026-10-03T00:58:35Z,MFG EV Power,601,MFG Taunton,3086,AVAILABLE,400.0,2026-10-02T01:38:24Z
2026-10-03T00:58:35Z,MFG EV Power,601,MFG Taunton,3087,AVAILABLE,400.0,2026-10-02T17:50:27Z
2026-10-03T00:58:35Z,MFG EV Power,601,MFG Taunton,3088,AVAILABLE,400.0,2026-10-02T20:23:17Z
2026-10-03T00:58:35Z,MFG EV Power,601,MFG Taunton,3089,AVAILABLE,400.0,2026-10-02T14:22:38Z
2026-10-03T00:58:35Z,MFG EV Power,601,MFG Taunton,3090,AVAILABLE,400.0,2026-10-02T20:35:26Z
2026-10-03T00:58:35Z,MFG EV Power,601,MFG Taunton,3091,AVAILABLE,400.0,2026-10-02T15:54:32Z
2026-10-03T00:58:35Z,MFG EV Power,601,MFG Taunton,3092,OUTOFORDER,400.0,2026-10-01T13:14:30Z
2026-10-03T00:58:35Z,MFG EV Power,601,MFG Taunton,3093,OUTOFORDER,400.0,2026-10-01T13:14:31Z
2026-10-03T01:09:59Z,MFG EV Power,77,MFG Taunton Deane,1989,AVAILABLE,150.0,2026-10-03T00:55:44.942Z
2026-10-03T01:09:59Z,MFG EV Power,77,MFG Taunton Deane,1990,INOPERATIVE,50.0,2026-10-03T00:29:33.985Z
2026-10-03T01:09:59Z,MFG EV Power,77,MFG Taunton Deane,1992,AVAILABLE,50.0,2026-10-02T22:53:10Z
2026-10-03T01:09:59Z,MFG EV Power,77,MFG Taunton Deane,1993,AVAILABLE,150.0,2026-10-02T22:53:14Z
2026-10-03T01:09:59Z,MFG EV Power,77,MFG Taunton Deane,1988,AVAILABLE,50.0,2026-10-02T22:17:55Z
2026-10-03T01:09:59Z,MFG EV Power,77,MFG Taunton Deane,1996,AVAILABLE,150.0,2026-10-02T22:17:59Z
2026-10-03T01:09:59Z,MFG EV Power,77,MFG Taunton Deane,2003,AVAILABLE,50.0,2026-10-02T22:08:01Z
2026-10-03T01:09:59Z,MFG EV Power,77,MFG Taunton Deane,2005,AVAILABLE,150.0,2026-10-02T22:08:29Z
2026-10-03T01:09:59Z,MFG EV Power,442,Morrisons Taunton,1165,AVAILABLE,50.0,2026-10-02T09:15:18Z
2026-10-03T01:09:59Z,MFG EV Power,442,Morrisons Taunton,1170,AVAILABLE,50.0,2026-10-02T09:15:18Z
2026-10-03T01:09:59Z,MFG EV Power,601,MFG Taunton,3086,AVAILABLE,400.0,2026-10-02T01:38:24Z
2026-10-03T01:09:59Z,MFG EV Power,601,MFG Taunton,3087,AVAILABLE,400.0,2026-10-02T17:50:27Z
2026-10-03T01:09:59Z,MFG EV Power,601,MFG Taunton,3088,AVAILABLE,400.0,2026-10-02T20:23:17Z
2026-10-03T01:09:59Z,MFG EV Power,601,MFG Taunton,3089,AVAILABLE,400.0,2026-10-02T14:22:38Z
2026-10-03T01:09:59Z,MFG EV Power,601,MFG Taunton,3090,AVAILABLE,400.0,2026-10-02T20:35:26Z
2026-10-03T01:09:59Z,MFG EV Power,601,MFG Taunton,3091,AVAILABLE,400.0,2026-10-02T15:54:32Z
2026-10-03T01:09:59Z,MFG EV Power,601,MFG Taunton,3092,OUTOFORDER,400.0,2026-10-01T13:14:30Z
2026-10-03T01:09:59Z,MFG EV Power,601,MFG Taunton,3093,OUTOFORDER,400.0,2026-10-01T13:14:31Z
2026-10-03T01:23:38Z,MFG EV Power,77,MFG Taunton Deane,1989,AVAILABLE,150.0,2026-10-03T00:55:44.942Z
2026-10-03T01:23:38Z,MFG EV Power,77,MFG Taunton Deane,1990,INOPERATIVE,50.0,2026-10-03T00:29:33.985Z
2026-10-03T01:23:38Z,MFG EV Power,77,MFG Taunton Deane,1992,AVAILABLE,50.0,2026-10-02T22:53:10Z
2026-10-03T01:23:38Z,MFG EV Power,77,MFG Taunton Deane,1993,AVAILABLE,150.0,2026-10-02T22:53:14Z
2026-10-03T01:23:38Z,MFG EV Power,77,MFG Taunton Deane,1988,AVAILABLE,50.0,2026-10-02T22:17:55Z
2026-10-03T01:23:38Z,MFG EV Power,77,MFG Taunton Deane,1996,AVAILABLE,150.0,2026-10-02T22:17:59Z
2026-10-03T01:23:38Z,MFG EV Power,77,MFG Taunton Deane,2003,AVAILABLE,50.0,2026-10-02T22:08:01Z
2026-10-03T01:23:38Z,MFG EV Power,77,MFG Taunton Deane,2005,AVAILABLE,150.0,2026-10-02T22:08:29Z
2026-10-03T01:23:38Z,MFG EV Power,442,Morrisons Taunton,1165,AVAILABLE,50.0,2026-10-02T09:15:18Z
2026-10-03T01:23:38Z,MFG EV Power,442,Morrisons Taunton,1170,AVAILABLE,50.0,2026-10-02T09:15:18Z
2026-10-03T01:23:38Z,MFG EV Power,601,MFG Taunton,3086,AVAILABLE,400.0,2026-10-02T01:38:24Z
2026-10-03T01:23:38Z,MFG EV Power,601,MFG Taunton,3087,AVAILABLE,400.0,2026-10-02T17:50:27Z
2026-10-03T01:23:38Z,MFG EV Power,601,MFG Taunton,3088,AVAILABLE,400.0,2026-10-02T20:23:17Z
2026-10-03T01:23:38Z,MFG EV Power,601,MFG Taunton,3089,AVAILABLE,400.0,2026-10-02T14:22:38Z
2026-10-03T01:23:38Z,MFG EV Power,601,MFG Taunton,3090,AVAILABLE,400.0,2026-10-02T20:35:26Z
2026-10-03T01:23:38Z,MFG EV Power,601,MFG Taunton,3091,AVAILABLE,400.0,2026-10-02T15:54:32Z
2026-10-03T01:23:38Z,MFG EV Power,601,MFG Taunton,3092,OUTOFORDER,400.0,2026-10-01T13:14:30Z
2026-10-03T01:23:38Z,MFG EV Power,601,MFG Taunton,3093,OUTOFORDER,400.0,2026-10-01T13:14:31Z
2026-10-03T01:36:03Z,MFG EV Power,77,MFG Taunton Deane,1989,AVAILABLE,150.0,2026-10-03T00:55:44.942Z
2026-10-03T01:36:03Z,MFG EV Power,77,MFG Taunton Deane,1990,INOPERATIVE,50.0,2026-10-03T00:29:33.985Z
2026-10-03T01:36:03Z,MFG EV Power,77,MFG Taunton Deane,1992,AVAILABLE,50.0,2026-10-02T22:53:10Z
2026-10-03T01:36:03Z,MFG EV Power,77,MFG Taunton Deane,1993,AVAILABLE,150.0,2026-10-02T22:53:14Z
2026-10-03T01:36:03Z,MFG EV Power,77,MFG Taunton Deane,1988,AVAILABLE,50.0,2026-10-02T22:17:55Z
2026-10-03T01:36:03Z,MFG EV Power,77,MFG Taunton Deane,1996,AVAILABLE,150.0,2026-10-02T22:17:59Z
2026-10-03T01:36:03Z,MFG EV Power,77,MFG Taunton Deane,2003,AVAILABLE,50.0,2026-10-02T22:08:01Z
2026-10-03T01:36:03Z,MFG EV Power,77,MFG Taunton Deane,2005,AVAILABLE,150.0,2026-10-02T22:08:29Z
2026-10-03T01:36:03Z,MFG EV Power,442,Morrisons Taunton,1165,AVAILABLE,50.0,2026-10-02T09:15:18Z
2026-10-03T01:36:03Z,MFG EV Power,442,Morrisons Taunton,1170,AVAILABLE,50.0,2026-10-02T09:15:18Z
2026-10-03T01:36:03Z,MFG EV Power,601,MFG Taunton,3086,AVAILABLE,400.0,2026-10-02T01:38:24Z
2026-10-03T01:36:03Z,MFG EV Power,601,MFG Taunton,3087,AVAILABLE,400.0,2026-10-02T17:50:27Z
2026-10-03T01:36:03Z,MFG EV Power,601,MFG Taunton,3088,AVAILABLE,400.0,2026-10-02T20:23:17Z
2026-10-03T01:36:03Z,MFG EV Power,601,MFG Taunton,3089,AVAILABLE,400.0,2026-10-02T14:22:38Z
2026-10-03T01:36:03Z,MFG EV Power,601,MFG Taunton,3090,AVAILABLE,400.0,2026-10-02T20:35:26Z
2026-10-03T01:36:03Z,MFG EV Power,601,MFG Taunton,3091,AVAILABLE,400.0,2026-10-02T15:54:32Z
2026-10-03T01:36:03Z,MFG EV Power,601,MFG Taunton,3092,OUTOFORDER,400.0,2026-10-01T13:14:30Z
2026-10-03T01:36:03Z,MFG EV Power,601,MFG Taunton,3093,OUTOFORDER,400.0,2026-10-01T13:14:31Z
2026-10-03T01:47:26Z,MFG EV Power,77,MFG Taunton Deane,1989,AVAILABLE,150.0,2026-10-03T00:55:44.942Z
2026-10-03T01:47:26Z,MFG EV Power,77,MFG Taunton Deane,1990,INOPERATIVE,50.0,2026-10-03T00:29:33.985Z
2026-10-03T01:47:26Z,MFG EV Power,77,MFG Taunton Deane,1992,AVAILABLE,50.0,2026-10-02T22:53:10Z
2026-10-03T01:47:26Z,MFG EV Power,77,MFG Taunton Deane,1993,AVAILABLE,150.0,2026-10-02T22:53:14Z
2026-10-03T01:47:26Z,MFG EV Power,77,MFG Taunton Deane,1988,AVAILABLE,50.0,2026-10-02T22:17:55Z
2026-10-03T01:47:26Z,MFG EV Power,77,MFG Taunton Deane,1996,AVAILABLE,150.0,2026-10-02T22:17:59Z
2026-10-03T01:47:26Z,MFG EV Power,77,MFG Taunton Deane,2003,AVAILABLE,50.0,2026-10-02T22:08:01Z
2026-10-03T01:47:26Z,MFG EV Power,77,MFG Taunton Deane,2005,AVAILABLE,150.0,2026-10-02T22:08:29Z
2026-10-03T01:47:26Z,MFG EV Power,442,Morrisons Taunton,1165,AVAILABLE,50.0,2026-10-02T09:15:18Z
2026-10-03T01:47:26Z,MFG EV Power,442,Morrisons Taunton,1170,AVAILABLE,50.0,2026-10-02T09:15:18Z
2026-10-03T01:47:26Z,MFG EV Power,601,MFG Taunton,3086,AVAILABLE,400.0,2026-10-02T01:38:24Z
2026-10-03T01:47:26Z,MFG EV Power,601,MFG Taunton,3087,AVAILABLE,400.0,2026-10-02T17:50:27Z
2026-10-03T01:47:26Z,MFG EV Power,601,MFG Taunton,3088,AVAILABLE,400.0,2026-10-02T20:23:17Z
2026-10-03T01:47:26Z,MFG EV Power,601,MFG Taunton,3089,AVAILABLE,400.0,2026-10-02T14:22:38Z
2026-10-03T01:47:26Z,MFG EV Power,601,MFG Taunton,3090,AVAILABLE,400.0,2026-10-02T20:35:26Z
2026-10-03T01:47:26Z,MFG EV Power,601,MFG Taunton,3091,AVAILABLE,400.0,2026-10-02T15:54:32Z
2026-10-03T01:47:26Z,MFG EV Power,601,MFG Taunton,3092,OUTOFORDER,400.0,2026-10-01T13:14:30Z
2026-10-03T01:47:26Z,MFG EV Power,601,MFG Taunton,3093,OUTOFORDER,400.0,2026-10-01T13:14:31Z
2026-10-03T01:55:36Z,MFG EV Power,77,MFG Taunton Deane,1989,AVAILABLE,150.0,2026-10-03T00:55:44.942Z
2026-10-03T01:55:36Z,MFG EV Power,77,MFG Taunton Deane,1990,INOPERATIVE,50.0,2026-10-03T00:29:33.985Z
2026-10-03T01:55:36Z,MFG EV Power,77,MFG Taunton Deane,1992,AVAILABLE,50.0,2026-10-02T22:53:10Z
2026-10-03T01:55:36Z,MFG EV Power,77,MFG Taunton Deane,1993,AVAILABLE,150.0,2026-10-02T22:53:14Z
2026-10-03T01:55:36Z,MFG EV Power,77,MFG Taunton Deane,1988,AVAILABLE,50.0,2026-10-02T22:17:55Z
2026-10-03T01:55:36Z,MFG EV Power,77,MFG Taunton Deane,1996,AVAILABLE,150.0,2026-10-02T22:17:59Z
2026-10-03T01:55:36Z,MFG EV Power,77,MFG Taunton Deane,2003,AVAILABLE,50.0,2026-10-02T22:08:01Z
2026-10-03T01:55:36Z,MFG EV Power,77,MFG Taunton Deane,2005,AVAILABLE,150.0,2026-10-02T22:08:29Z
2026-10-03T01:55:36Z,MFG EV Power,442,Morrisons Taunton,1165,AVAILABLE,50.0,2026-10-02T09:15:18Z
2026-10-03T01:55:36Z,MFG EV Power,442,Morrisons Taunton,1170,AVAILABLE,50.0,2026-10-02T09:15:18Z
2026-10-03T01:55:36Z,MFG EV Power,601,MFG Taunton,3086,AVAILABLE,400.0,2026-10-02T01:38:24Z
2026-10-03T01:55:36Z,MFG EV Power,601,MFG Taunton,3087,AVAILABLE,400.0,2026-10-02T17:50:27Z
2026-10-03T01:55:36Z,MFG EV Power,601,MFG Taunton,3088,AVAILABLE,400.0,2026-10-02T20:23:17Z
2026-10-03T01:55:36Z,MFG EV Power,601,MFG Taunton,3089,AVAILABLE,400.0,2026-10-02T14:22:38Z
2026-10-03T01:55:36Z,MFG EV Power,601,MFG Taunton,3090,AVAILABLE,400.0,2026-10-02T20:35:26Z
2026-10-03T01:55:36Z,MFG EV Power,601,MFG Taunton,3091,AVAILABLE,400.0,2026-10-02T15:54:32Z
2026-10-03T01:55:36Z,MFG EV Power,601,MFG Taunton,3092,OUTOFORDER,400.0,2026-10-01T13:14:30Z
2026-10-03T01:55:36Z,MFG EV Power,601,MFG Taunton,3093,OUTOFORDER,400.0,2026-10-01T13:14:31Z
2026-10-03T02:03:05Z,MFG EV Power,77,MFG Taunton Deane,1989,AVAILABLE,150.0,2026-10-03T00:55:44.942Z
2026-10-03T02:03:05Z,MFG EV Power,77,MFG Taunton Deane,1990,INOPERATIVE,50.0,2026-10-03T00:29:33.985Z
2026-10-03T02:03:05Z,MFG EV Power,77,MFG Taunton Deane,1992,AVAILABLE,50.0,2026-10-02T22:53:10Z
2026-10-03T02:03:05Z,MFG EV Power,77,MFG Taunton Deane,1993,AVAILABLE,150.0,2026-10-02T22:53:14Z
2026-10-03T02:03:05Z,MFG EV Power,77,MFG Taunton Deane,1988,AVAILABLE,50.0,2026-10-02T22:17:55Z
2026-10-03T02:03:05Z,MFG EV Power,77,MFG Taunton Deane,1996,AVAILABLE,150.0,2026-10-02T22:17:59Z
2026-10-03T02:03:05Z,MFG EV Power,77,MFG Taunton Deane,2003,AVAILABLE,50.0,2026-10-02T22:08:01Z
2026-10-03T02:03:05Z,MFG EV Power,77,MFG Taunton Deane,2005,AVAILABLE,150.0,2026-10-02T22:08:29Z
2026-10-03T02:03:05Z,MFG EV Power,442,Morrisons Taunton,1165,AVAILABLE,50.0,2026-10-02T09:15:18Z
2026-10-03T02:03:05Z,MFG EV Power,442,Morrisons Taunton,1170,AVAILABLE,50.0,2026-10-02T09:15:18Z
2026-10-03T02:03:05Z,MFG EV Power,601,MFG Taunton,3086,AVAILABLE,400.0,2026-10-02T01:38:24Z
2026-10-03T02:03:05Z,MFG EV Power,601,MFG Taunton,3087,AVAILABLE,400.0,2026-10-02T17:50:27Z
2026-10-03T02:03:05Z,MFG EV Power,601,MFG Taunton,3088,AVAILABLE,400.0,2026-10-02T20:23:17Z
2026-10-03T02:03:05Z,MFG EV Power,601,MFG Taunton,3089,AVAILABLE,400.0,2026-10-02T14:22:38Z
2026-10-03T02:03:05Z,MFG EV Power,601,MFG Taunton,3090,AVAILABLE,400.0,2026-10-02T20:35:26Z
2026-10-03T02:03:05Z,MFG EV Power,601,MFG Taunton,3091,AVAILABLE,400.0,2026-10-02T15:54:32Z
2026-10-03T02:03:05Z,MFG EV Power,601,MFG Taunton,3092,OUTOFORDER,400.0,2026-10-01T13:14:30Z
2026-10-03T02:03:05Z,MFG EV Power,601,MFG Taunton,3093,OUTOFORDER,400.0,2026-10-01T13:14:31Z
2026-10-03T02:20:25Z,MFG EV Power,77,MFG Taunton Deane,1989,AVAILABLE,150.0,2026-10-03T00:55:44.942Z
2026-10-03T02:20:25Z,MFG EV Power,77,MFG Taunton Deane,1990,INOPERATIVE,50.0,2026-10-03T00:29:33.985Z
2026-10-03T02:20:25Z,MFG EV Power,77,MFG Taunton Deane,1992,AVAILABLE,50.0,2026-10-02T22:53:10Z
2026-10-03T02:20:25Z,MFG EV Power,77,MFG Taunton Deane,1993,AVAILABLE,150.0,2026-10-02T22:53:14Z
2026-10-03T02:20:25Z,MFG EV Power,77,MFG Taunton Deane,1988,INOPERATIVE,50.0,2026-10-03T02:05:49.011Z
2026-10-03T02:20:25Z,MFG EV Power,77,MFG Taunton Deane,1996,CHARGING,150.0,2026-10-03T02:06:02.202Z
2026-10-03T02:20:25Z,MFG EV Power,77,MFG Taunton Deane,2003,AVAILABLE,50.0,2026-10-02T22:08:01Z
2026-10-03T02:20:25Z,MFG EV Power,77,MFG Taunton Deane,2005,AVAILABLE,150.0,2026-10-02T22:08:29Z
2026-10-03T02:20:25Z,MFG EV Power,442,Morrisons Taunton,1165,AVAILABLE,50.0,2026-10-02T09:15:18Z
2026-10-03T02:20:25Z,MFG EV Power,442,Morrisons Taunton,1170,AVAILABLE,50.0,2026-10-02T09:15:18Z
2026-10-03T02:20:25Z,MFG EV Power,601,MFG Taunton,3086,AVAILABLE,400.0,2026-10-02T01:38:24Z
2026-10-03T02:20:25Z,MFG EV Power,601,MFG Taunton,3087,AVAILABLE,400.0,2026-10-02T17:50:27Z
2026-10-03T02:20:25Z,MFG EV Power,601,MFG Taunton,3088,AVAILABLE,400.0,2026-10-02T20:23:17Z
2026-10-03T02:20:25Z,MFG EV Power,601,MFG Taunton,3089,AVAILABLE,400.0,2026-10-02T14:22:38Z
2026-10-03T02:20:25Z,MFG EV Power,601,MFG Taunton,3090,AVAILABLE,400.0,2026-10-02T20:35:26Z
2026-10-03T02:20:25Z,MFG EV Power,601,MFG Taunton,3091,AVAILABLE,400.0,2026-10-02T15:54:32Z
2026-10-03T02:20:25Z,MFG EV Power,601,MFG Taunton,3092,OUTOFORDER,400.0,2026-10-01T13:14:30Z
2026-10-03T02:20:25Z,MFG EV Power,601,MFG Taunton,3093,OUTOFORDER,400.0,2026-10-01T13:14:31Z
2026-10-03T02:43:12Z,MFG EV Power,77,MFG Taunton Deane,1989,AVAILABLE,150.0,2026-10-03T00:55:44.942Z
2026-10-03T02:43:12Z,MFG EV Power,77,MFG Taunton Deane,1990,INOPERATIVE,50.0,2026-10-03T00:29:33.985Z
2026-10-03T02:43:12Z,MFG EV Power,77,MFG Taunton Deane,1992,AVAILABLE,50.0,2026-10-02T22:53:10Z
2026-10-03T02:43:12Z,MFG EV Power,77,MFG Taunton Deane,1993,AVAILABLE,150.0,2026-10-02T22:53:14Z
2026-10-03T02:43:12Z,MFG EV Power,77,MFG Taunton Deane,1988,INOPERATIVE,50.0,2026-10-03T02:05:49.011Z
2026-10-03T02:43:12Z,MFG EV Power,77,MFG Taunton Deane,1996,CHARGING,150.0,2026-10-03T02:25:49.658Z
2026-10-03T02:43:12Z,MFG EV Power,77,MFG Taunton Deane,2003,AVAILABLE,50.0,2026-10-02T22:08:01Z
2026-10-03T02:43:12Z,MFG EV Power,77,MFG Taunton Deane,2005,AVAILABLE,150.0,2026-10-02T22:08:29Z
2026-10-03T02:43:12Z,MFG EV Power,442,Morrisons Taunton,1165,AVAILABLE,50.0,2026-10-02T09:15:18Z
2026-10-03T02:43:12Z,MFG EV Power,442,Morrisons Taunton,1170,AVAILABLE,50.0,2026-10-02T09:15:18Z
2026-10-03T02:43:12Z,MFG EV Power,601,MFG Taunton,3086,AVAILABLE,400.0,2026-10-02T01:38:24Z
2026-10-03T02:43:12Z,MFG EV Power,601,MFG Taunton,3087,AVAILABLE,400.0,2026-10-02T17:50:27Z
2026-10-03T02:43:12Z,MFG EV Power,601,MFG Taunton,3088,AVAILABLE,400.0,2026-10-02T20:23:17Z
2026-10-03T02:43:12Z,MFG EV Power,601,MFG Taunton,3089,AVAILABLE,400.0,2026-10-02T14:22:38Z
2026-10-03T02:43:12Z,MFG EV Power,601,MFG Taunton,3090,AVAILABLE,400.0,2026-10-02T20:35:26Z
2026-10-03T02:43:12Z,MFG EV Power,601,MFG Taunton,3091,AVAILABLE,400.0,2026-10-02T15:54:32Z
2026-10-03T02:43:12Z,MFG EV Power,601,MFG Taunton,3092,OUTOFORDER,400.0,2026-10-01T13:14:30Z
2026-10-03T02:43:12Z,MFG EV Power,601,MFG Taunton,3093,OUTOFORDER,400.0,2026-10-01T13:14:31Z
2026-10-03T03:03:34Z,MFG EV Power,77,MFG Taunton Deane,1989,AVAILABLE,150.0,2026-10-03T00:55:44.942Z
2026-10-03T03:03:34Z,MFG EV Power,77,MFG Taunton Deane,1990,INOPERATIVE,50.0,2026-10-03T00:29:33.985Z
2026-10-03T03:03:34Z,MFG EV Power,77,MFG Taunton Deane,1992,AVAILABLE,50.0,2026-10-02T22:53:10Z
2026-10-03T03:03:34Z,MFG EV Power,77,MFG Taunton Deane,1993,AVAILABLE,150.0,2026-10-02T22:53:14Z
2026-10-03T03:03:34Z,MFG EV Power,77,MFG Taunton Deane,1988,INOPERATIVE,50.0,2026-10-03T02:05:49.011Z
2026-10-03T03:03:34Z,MFG EV Power,77,MFG Taunton Deane,1996,CHARGING,150.0,2026-10-03T02:25:49.658Z
2026-10-03T03:03:34Z,MFG EV Power,77,MFG Taunton Deane,2003,AVAILABLE,50.0,2026-10-02T22:08:01Z
2026-10-03T03:03:34Z,MFG EV Power,77,MFG Taunton Deane,2005,AVAILABLE,150.0,2026-10-02T22:08:29Z
2026-10-03T03:03:34Z,MFG EV Power,442,Morrisons Taunton,1165,AVAILABLE,50.0,2026-10-02T09:15:18Z
2026-10-03T03:03:34Z,MFG EV Power,442,Morrisons Taunton,1170,AVAILABLE,50.0,2026-10-02T09:15:18Z
2026-10-03T03:03:34Z,MFG EV Power,601,MFG Taunton,3086,AVAILABLE,400.0,2026-10-02T01:38:24Z
2026-10-03T03:03:34Z,MFG EV Power,601,MFG Taunton,3087,AVAILABLE,400.0,2026-10-02T17:50:27Z
2026-10-03T03:03:34Z,MFG EV Power,601,MFG Taunton,3088,AVAILABLE,400.0,2026-10-02T20:23:17Z
2026-10-03T03:03:34Z,MFG EV Power,601,MFG Taunton,3089,AVAILABLE,400.0,2026-10-02T14:22:38Z
2026-10-03T03:03:34Z,MFG EV Power,601,MFG Taunton,3090,AVAILABLE,400.0,2026-10-02T20:35:26Z
2026-10-03T03:03:34Z,MFG EV Power,601,MFG Taunton,3091,AVAILABLE,400.0,2026-10-02T15:54:32Z
2026-10-03T03:03:34Z,MFG EV Power,601,MFG Taunton,3092,OUTOFORDER,400.0,2026-10-01T13:14:30Z
2026-10-03T03:03:34Z,MFG EV Power,601,MFG Taunton,3093,OUTOFORDER,400.0,2026-10-01T13:14:31Z
2026-10-03T03:24:37Z,MFG EV Power,77,MFG Taunton Deane,1989,AVAILABLE,150.0,2026-10-03T00:55:44.942Z
2026-10-03T03:24:37Z,MFG EV Power,77,MFG Taunton Deane,1990,INOPERATIVE,50.0,2026-10-03T00:29:33.985Z
2026-10-03T03:24:37Z,MFG EV Power,77,MFG Taunton Deane,1992,AVAILABLE,50.0,2026-10-02T22:53:10Z
2026-10-03T03:24:37Z,MFG EV Power,77,MFG Taunton Deane,1993,AVAILABLE,150.0,2026-10-02T22:53:14Z
2026-10-03T03:24:37Z,MFG EV Power,77,MFG Taunton Deane,1988,INOPERATIVE,50.0,2026-10-03T02:05:49.011Z
2026-10-03T03:24:37Z,MFG EV Power,77,MFG Taunton Deane,1996,CHARGING,150.0,2026-10-03T02:25:49.658Z
2026-10-03T03:24:37Z,MFG EV Power,77,MFG Taunton Deane,2003,AVAILABLE,50.0,2026-10-02T22:08:01Z
2026-10-03T03:24:37Z,MFG EV Power,77,MFG Taunton Deane,2005,AVAILABLE,150.0,2026-10-02T22:08:29Z
2026-10-03T03:24:37Z,MFG EV Power,442,Morrisons Taunton,1165,AVAILABLE,50.0,2026-10-02T09:15:18Z
2026-10-03T03:24:37Z,MFG EV Power,442,Morrisons Taunton,1170,AVAILABLE,50.0,2026-10-02T09:15:18Z
2026-10-03T03:24:37Z,MFG EV Power,601,MFG Taunton,3086,AVAILABLE,400.0,2026-10-02T01:38:24Z
2026-10-03T03:24:37Z,MFG EV Power,601,MFG Taunton,3087,AVAILABLE,400.0,2026-10-02T17:50:27Z
2026-10-03T03:24:37Z,MFG EV Power,601,MFG Taunton,3088,AVAILABLE,400.0,2026-10-02T20:23:17Z
2026-10-03T03:24:37Z,MFG EV Power,601,MFG Taunton,3089,AVAILABLE,400.0,2026-10-02T14:22:38Z
2026-10-03T03:24:37Z,MFG EV Power,601,MFG Taunton,3090,AVAILABLE,400.0,2026-10-02T20:35:26Z
2026-10-03T03:24:37Z,MFG EV Power,601,MFG Taunton,3091,AVAILABLE,400.0,2026-10-02T15:54:32Z
2026-10-03T03:24:37Z,MFG EV Power,601,MFG Taunton,3092,OUTOFORDER,400.0,2026-10-01T13:14:30Z
2026-10-03T03:24:37Z,MFG EV Power,601,MFG Taunton,3093,OUTOFORDER,400.0,2026-10-01T13:14:31Z
2026-10-03T03:43:12Z,MFG EV Power,77,MFG Taunton Deane,1989,AVAILABLE,150.0,2026-10-03T00:55:44.942Z
2026-10-03T03:43:12Z,MFG EV Power,77,MFG Taunton Deane,1990,INOPERATIVE,50.0,2026-10-03T00:29:33.985Z
2026-10-03T03:43:12Z,MFG EV Power,77,MFG Taunton Deane,1992,AVAILABLE,50.0,2026-10-02T22:53:10Z
2026-10-03T03:43:12Z,MFG EV Power,77,MFG Taunton Deane,1993,AVAILABLE,150.0,2026-10-02T22:53:14Z
2026-10-03T03:43:12Z,MFG EV Power,77,MFG Taunton Deane,1988,INOPERATIVE,50.0,2026-10-03T02:05:49.011Z
2026-10-03T03:43:12Z,MFG EV Power,77,MFG Taunton Deane,1996,CHARGING,150.0,2026-10-03T02:25:49.658Z
2026-10-03T03:43:12Z,MFG EV Power,77,MFG Taunton Deane,2003,AVAILABLE,50.0,2026-10-02T22:08:01Z
2026-10-03T03:43:12Z,MFG EV Power,77,MFG Taunton Deane,2005,AVAILABLE,150.0,2026-10-02T22:08:29Z
2026-10-03T03:43:12Z,MFG EV Power,442,Morrisons Taunton,1165,AVAILABLE,50.0,2026-10-02T09:15:18Z
2026-10-03T03:43:12Z,MFG EV Power,442,Morrisons Taunton,1170,AVAILABLE,50.0,2026-10-02T09:15:18Z
2026-10-03T03:43:12Z,MFG EV Power,601,MFG Taunton,3086,AVAILABLE,400.0,2026-10-02T01:38:24Z
2026-10-03T03:43:12Z,MFG EV Power,601,MFG Taunton,3087,AVAILABLE,400.0,2026-10-02T17:50:27Z
2026-10-03T03:43:12Z,MFG EV Power,601,MFG Taunton,3088,AVAILABLE,400.0,2026-10-02T20:23:17Z
2026-10-03T03:43:12Z,MFG EV Power,601,MFG Taunton,3089,AVAILABLE,400.0,2026-10-02T14:22:38Z
2026-10-03T03:43:12Z,MFG EV Power,601,MFG Taunton,3090,AVAILABLE,400.0,2026-10-02T20:35:26Z
2026-10-03T03:43:12Z,MFG EV Power,601,MFG Taunton,3091,AVAILABLE,400.0,2026-10-02T15:54:32Z
2026-10-03T03:43:12Z,MFG EV Power,601,MFG Taunton,3092,OUTOFORDER,400.0,2026-10-01T13:14:30Z
2026-10-03T03:43:12Z,MFG EV Power,601,MFG Taunton,3093,OUTOFORDER,400.0,2026-10-01T13:14:31Z
2026-10-03T04:02:21Z,MFG EV Power,77,MFG Taunton Deane,1989,AVAILABLE,150.0,2026-10-03T00:55:44.942Z
2026-10-03T04:02:21Z,MFG EV Power,77,MFG Taunton Deane,1990,INOPERATIVE,50.0,2026-10-03T00:29:33.985Z
2026-10-03T04:02:21Z,MFG EV Power,77,MFG Taunton Deane,1992,AVAILABLE,50.0,2026-10-02T22:53:10Z
2026-10-03T04:02:21Z,MFG EV Power,77,MFG Taunton Deane,1993,AVAILABLE,150.0,2026-10-02T22:53:14Z
2026-10-03T04:02:21Z,MFG EV Power,77,MFG Taunton Deane,1988,INOPERATIVE,50.0,2026-10-03T02:05:49.011Z
2026-10-03T04:02:21Z,MFG EV Power,77,MFG Taunton Deane,1996,CHARGING,150.0,2026-10-03T02:25:49.658Z
2026-10-03T04:02:21Z,MFG EV Power,77,MFG Taunton Deane,2003,AVAILABLE,50.0,2026-10-02T22:08:01Z
2026-10-03T04:02:21Z,MFG EV Power,77,MFG Taunton Deane,2005,AVAILABLE,150.0,2026-10-02T22:08:29Z
2026-10-03T04:02:21Z,MFG EV Power,442,Morrisons Taunton,1165,AVAILABLE,50.0,2026-10-02T09:15:18Z
2026-10-03T04:02:21Z,MFG EV Power,442,Morrisons Taunton,1170,AVAILABLE,50.0,2026-10-02T09:15:18Z
2026-10-03T04:02:21Z,MFG EV Power,601,MFG Taunton,3086,AVAILABLE,400.0,2026-10-02T01:38:24Z
2026-10-03T04:02:21Z,MFG EV Power,601,MFG Taunton,3087,AVAILABLE,400.0,2026-10-02T17:50:27Z
2026-10-03T04:02:21Z,MFG EV Power,601,MFG Taunton,3088,AVAILABLE,400.0,2026-10-02T20:23:17Z
2026-10-03T04:02:21Z,MFG EV Power,601,MFG Taunton,3089,AVAILABLE,400.0,2026-10-02T14:22:38Z
2026-10-03T04:02:21Z,MFG EV Power,601,MFG Taunton,3090,AVAILABLE,400.0,2026-10-02T20:35:26Z
2026-10-03T04:02:21Z,MFG EV Power,601,MFG Taunton,3091,AVAILABLE,400.0,2026-10-02T15:54:32Z
2026-10-03T04:02:21Z,MFG EV Power,601,MFG Taunton,3092,OUTOFORDER,400.0,2026-10-01T13:14:30Z
2026-10-03T04:02:21Z,MFG EV Power,601,MFG Taunton,3093,OUTOFORDER,400.0,2026-10-01T13:14:31Z
2026-10-03T04:19:12Z,MFG EV Power,77,MFG Taunton Deane,1989,AVAILABLE,150.0,2026-10-03T00:55:44.942Z
2026-10-03T04:19:12Z,MFG EV Power,77,MFG Taunton Deane,1990,INOPERATIVE,50.0,2026-10-03T00:29:33.985Z
2026-10-03T04:19:12Z,MFG EV Power,77,MFG Taunton Deane,1992,AVAILABLE,50.0,2026-10-02T22:53:10Z
2026-10-03T04:19:12Z,MFG EV Power,77,MFG Taunton Deane,1993,AVAILABLE,150.0,2026-10-02T22:53:14Z
2026-10-03T04:19:12Z,MFG EV Power,77,MFG Taunton Deane,1988,INOPERATIVE,50.0,2026-10-03T02:05:49.011Z
2026-10-03T04:19:12Z,MFG EV Power,77,MFG Taunton Deane,1996,CHARGING,150.0,2026-10-03T02:25:49.658Z
2026-10-03T04:19:12Z,MFG EV Power,77,MFG Taunton Deane,2003,AVAILABLE,50.0,2026-10-02T22:08:01Z
2026-10-03T04:19:12Z,MFG EV Power,77,MFG Taunton Deane,2005,AVAILABLE,150.0,2026-10-02T22:08:29Z
2026-10-03T04:19:12Z,MFG EV Power,442,Morrisons Taunton,1165,AVAILABLE,50.0,2026-10-02T09:15:18Z
2026-10-03T04:19:12Z,MFG EV Power,442,Morrisons Taunton,1170,AVAILABLE,50.0,2026-10-02T09:15:18Z
2026-10-03T04:19:12Z,MFG EV Power,601,MFG Taunton,3086,AVAILABLE,400.0,2026-10-02T01:38:24Z
2026-10-03T04:19:12Z,MFG EV Power,601,MFG Taunton,3087,AVAILABLE,400.0,2026-10-02T17:50:27Z
2026-10-03T04:19:12Z,MFG EV Power,601,MFG Taunton,3088,AVAILABLE,400.0,2026-10-02T20:23:17Z
2026-10-03T04:19:12Z,MFG EV Power,601,MFG Taunton,3089,AVAILABLE,400.0,2026-10-02T14:22:38Z
2026-10-03T04:19:12Z,MFG EV Power,601,MFG Taunton,3090,AVAILABLE,400.0,2026-10-02T20:35:26Z
2026-10-03T04:19:12Z,MFG EV Power,601,MFG Taunton,3091,AVAILABLE,400.0,2026-10-02T15:54:32Z
2026-10-03T04:19:12Z,MFG EV Power,601,MFG Taunton,3092,OUTOFORDER,400.0,2026-10-01T13:14:30Z
2026-10-03T04:19:12Z,MFG EV Power,601,MFG Taunton,3093,OUTOFORDER,400.0,2026-10-01T13:14:31Z
2026-10-03T04:34:42Z,MFG EV Power,77,MFG Taunton Deane,1989,AVAILABLE,150.0,2026-10-03T00:55:44.942Z
2026-10-03T04:34:42Z,MFG EV Power,77,MFG Taunton Deane,1990,INOPERATIVE,50.0,2026-10-03T00:29:33.985Z
2026-10-03T04:34:42Z,MFG EV Power,77,MFG Taunton Deane,1992,AVAILABLE,50.0,2026-10-02T22:53:10Z
2026-10-03T04:34:42Z,MFG EV Power,77,MFG Taunton Deane,1993,AVAILABLE,150.0,2026-10-02T22:53:14Z
2026-10-03T04:34:42Z,MFG EV Power,77,MFG Taunton Deane,1988,INOPERATIVE,50.0,2026-10-03T02:05:49.011Z
2026-10-03T04:34:42Z,MFG EV Power,77,MFG Taunton Deane,1996,CHARGING,150.0,2026-10-03T02:25:49.658Z
2026-10-03T04:34:42Z,MFG EV Power,77,MFG Taunton Deane,2003,AVAILABLE,50.0,2026-10-02T22:08:01Z
2026-10-03T04:34:42Z,MFG EV Power,77,MFG Taunton Deane,2005,AVAILABLE,150.0,2026-10-02T22:08:29Z
2026-10-03T04:34:42Z,MFG EV Power,442,Morrisons Taunton,1165,AVAILABLE,50.0,2026-10-02T09:15:18Z
2026-10-03T04:34:42Z,MFG EV Power,442,Morrisons Taunton,1170,AVAILABLE,50.0,2026-10-02T09:15:18Z
2026-10-03T04:34:42Z,MFG EV Power,601,MFG Taunton,3086,AVAILABLE,400.0,2026-10-02T01:38:24Z
2026-10-03T04:34:42Z,MFG EV Power,601,MFG Taunton,3087,AVAILABLE,400.0,2026-10-02T17:50:27Z
2026-10-03T04:34:42Z,MFG EV Power,601,MFG Taunton,3088,AVAILABLE,400.0,2026-10-02T20:23:17Z
2026-10-03T04:34:42Z,MFG EV Power,601,MFG Taunton,3089,AVAILABLE,400.0,2026-10-02T14:22:38Z
2026-10-03T04:34:42Z,MFG EV Power,601,MFG Taunton,3090,AVAILABLE,400.0,2026-10-02T20:35:26Z
2026-10-03T04:34:42Z,MFG EV Power,601,MFG Taunton,3091,AVAILABLE,400.0,2026-10-02T15:54:32Z
2026-10-03T04:34:42Z,MFG EV Power,601,MFG Taunton,3092,OUTOFORDER,400.0,2026-10-01T13:14:30Z
2026-10-03T04:34:42Z,MFG EV Power,601,MFG Taunton,3093,OUTOFORDER,400.0,2026-10-01T13:14:31Z
2026-10-03T04:47:42Z,MFG EV Power,77,MFG Taunton Deane,1989,AVAILABLE,150.0,2026-10-03T00:55:44.942Z
2026-10-03T04:47:42Z,MFG EV Power,77,MFG Taunton Deane,1990,INOPERATIVE,50.0,2026-10-03T00:29:33.985Z
2026-10-03T04:47:42Z,MFG EV Power,77,MFG Taunton Deane,1992,AVAILABLE,50.0,2026-10-02T22:53:10Z
2026-10-03T04:47:42Z,MFG EV Power,77,MFG Taunton Deane,1993,AVAILABLE,150.0,2026-10-02T22:53:14Z
2026-10-03T04:47:42Z,MFG EV Power,77,MFG Taunton Deane,1988,INOPERATIVE,50.0,2026-10-03T02:05:49.011Z
2026-10-03T04:47:42Z,MFG EV Power,77,MFG Taunton Deane,1996,CHARGING,150.0,2026-10-03T02:25:49.658Z
2026-10-03T04:47:42Z,MFG EV Power,77,MFG Taunton Deane,2003,AVAILABLE,50.0,2026-10-02T22:08:01Z
2026-10-03T04:47:42Z,MFG EV Power,77,MFG Taunton Deane,2005,AVAILABLE,150.0,2026-10-02T22:08:29Z
2026-10-03T04:47:42Z,MFG EV Power,442,Morrisons Taunton,1165,AVAILABLE,50.0,2026-10-02T09:15:18Z
2026-10-03T04:47:42Z,MFG EV Power,442,Morrisons Taunton,1170,AVAILABLE,50.0,2026-10-02T09:15:18Z
2026-10-03T04:47:42Z,MFG EV Power,601,MFG Taunton,3086,AVAILABLE,400.0,2026-10-02T01:38:24Z
2026-10-03T04:47:42Z,MFG EV Power,601,MFG Taunton,3087,AVAILABLE,400.0,2026-10-02T17:50:27Z
2026-10-03T04:47:42Z,MFG EV Power,601,MFG Taunton,3088,AVAILABLE,400.0,2026-10-02T20:23:17Z
2026-10-03T04:47:42Z,MFG EV Power,601,MFG Taunton,3089,AVAILABLE,400.0,2026-10-02T14:22:38Z
2026-10-03T04:47:42Z,MFG EV Power,601,MFG Taunton,3090,AVAILABLE,400.0,2026-10-02T20:35:26Z
2026-10-03T04:47:42Z,MFG EV Power,601,MFG Taunton,3091,AVAILABLE,400.0,2026-10-02T15:54:32Z
2026-10-03T04:47:42Z,MFG EV Power,601,MFG Taunton,3092,OUTOFORDER,400.0,2026-10-01T13:14:30Z
2026-10-03T04:47:42Z,MFG EV Power,601,MFG Taunton,3093,OUTOFORDER,400.0,2026-10-01T13:14:31Z
2026-10-03T04:57:14Z,MFG EV Power,77,MFG Taunton Deane,1989,AVAILABLE,150.0,2026-10-03T00:55:44.942Z
2026-10-03T04:57:14Z,MFG EV Power,77,MFG Taunton Deane,1990,INOPERATIVE,50.0,2026-10-03T00:29:33.985Z
2026-10-03T04:57:14Z,MFG EV Power,77,MFG Taunton Deane,1992,AVAILABLE,50.0,2026-10-02T22:53:10Z
2026-10-03T04:57:14Z,MFG EV Power,77,MFG Taunton Deane,1993,AVAILABLE,150.0,2026-10-02T22:53:14Z
2026-10-03T04:57:14Z,MFG EV Power,77,MFG Taunton Deane,1988,INOPERATIVE,50.0,2026-10-03T02:05:49.011Z
2026-10-03T04:57:14Z,MFG EV Power,77,MFG Taunton Deane,1996,CHARGING,150.0,2026-10-03T02:25:49.658Z
2026-10-03T04:57:14Z,MFG EV Power,77,MFG Taunton Deane,2003,AVAILABLE,50.0,2026-10-02T22:08:01Z
2026-10-03T04:57:14Z,MFG EV Power,77,MFG Taunton Deane,2005,AVAILABLE,150.0,2026-10-02T22:08:29Z
2026-10-03T04:57:14Z,MFG EV Power,442,Morrisons Taunton,1165,AVAILABLE,50.0,2026-10-02T09:15:18Z
2026-10-03T04:57:14Z,MFG EV Power,442,Morrisons Taunton,1170,AVAILABLE,50.0,2026-10-02T09:15:18Z
2026-10-03T04:57:14Z,MFG EV Power,601,MFG Taunton,3086,AVAILABLE,400.0,2026-10-02T01:38:24Z
2026-10-03T04:57:14Z,MFG EV Power,601,MFG Taunton,3087,AVAILABLE,400.0,2026-10-02T17:50:27Z
2026-10-03T04:57:14Z,MFG EV Power,601,MFG Taunton,3088,AVAILABLE,400.0,2026-10-02T20:23:17Z
2026-10-03T04:57:14Z,MFG EV Power,601,MFG Taunton,3089,AVAILABLE,400.0,2026-10-02T14:22:38Z
2026-10-03T04:57:14Z,MFG EV Power,601,MFG Taunton,3090,AVAILABLE,400.0,2026-10-02T20:35:26Z
2026-10-03T04:57:14Z,MFG EV Power,601,MFG Taunton,3091,AVAILABLE,400.0,2026-10-02T15:54:32Z
2026-10-03T04:57:14Z,MFG EV Power,601,MFG Taunton,3092,OUTOFORDER,400.0,2026-10-01T13:14:30Z
2026-10-03T04:57:14Z,MFG EV Power,601,MFG Taunton,3093,OUTOFORDER,400.0,2026-10-01T13:14:31Z
2026-10-03T05:06:40Z,MFG EV Power,77,MFG Taunton Deane,1989,AVAILABLE,150.0,2026-10-03T00:55:44.942Z
2026-10-03T05:06:40Z,MFG EV Power,77,MFG Taunton Deane,1990,INOPERATIVE,50.0,2026-10-03T00:29:33.985Z
2026-10-03T05:06:40Z,MFG EV Power,77,MFG Taunton Deane,1992,AVAILABLE,50.0,2026-10-02T22:53:10Z
2026-10-03T05:06:40Z,MFG EV Power,77,MFG Taunton Deane,1993,AVAILABLE,150.0,2026-10-02T22:53:14Z
2026-10-03T05:06:40Z,MFG EV Power,77,MFG Taunton Deane,1988,INOPERATIVE,50.0,2026-10-03T02:05:49.011Z
2026-10-03T05:06:40Z,MFG EV Power,77,MFG Taunton Deane,1996,CHARGING,150.0,2026-10-03T02:25:49.658Z
2026-10-03T05:06:40Z,MFG EV Power,77,MFG Taunton Deane,2003,AVAILABLE,50.0,2026-10-02T22:08:01Z
2026-10-03T05:06:40Z,MFG EV Power,77,MFG Taunton Deane,2005,AVAILABLE,150.0,2026-10-02T22:08:29Z
2026-10-03T05:06:40Z,MFG EV Power,442,Morrisons Taunton,1165,AVAILABLE,50.0,2026-10-02T09:15:18Z
2026-10-03T05:06:40Z,MFG EV Power,442,Morrisons Taunton,1170,AVAILABLE,50.0,2026-10-02T09:15:18Z
2026-10-03T05:06:40Z,MFG EV Power,601,MFG Taunton,3086,AVAILABLE,400.0,2026-10-02T01:38:24Z
2026-10-03T05:06:40Z,MFG EV Power,601,MFG Taunton,3087,AVAILABLE,400.0,2026-10-02T17:50:27Z
2026-10-03T05:06:40Z,MFG EV Power,601,MFG Taunton,3088,AVAILABLE,400.0,2026-10-02T20:23:17Z
2026-10-03T05:06:40Z,MFG EV Power,601,MFG Taunton,3089,AVAILABLE,400.0,2026-10-02T14:22:38Z
2026-10-03T05:06:40Z,MFG EV Power,601,MFG Taunton,3090,AVAILABLE,400.0,2026-10-02T20:35:26Z
2026-10-03T05:06:40Z,MFG EV Power,601,MFG Taunton,3091,AVAILABLE,400.0,2026-10-02T15:54:32Z
2026-10-03T05:06:40Z,MFG EV Power,601,MFG Taunton,3092,OUTOFORDER,400.0,2026-10-01T13:14:30Z
2026-10-03T05:06:40Z,MFG EV Power,601,MFG Taunton,3093,OUTOFORDER,400.0,2026-10-01T13:14:31Z
2026-10-03T05:28:37Z,MFG EV Power,77,MFG Taunton Deane,1989,AVAILABLE,150.0,2026-10-03T00:55:44.942Z
2026-10-03T05:28:37Z,MFG EV Power,77,MFG Taunton Deane,1990,INOPERATIVE,50.0,2026-10-03T00:29:33.985Z
2026-10-03T05:28:37Z,MFG EV Power,77,MFG Taunton Deane,1992,AVAILABLE,50.0,2026-10-02T22:53:10Z
2026-10-03T05:28:37Z,MFG EV Power,77,MFG Taunton Deane,1993,AVAILABLE,150.0,2026-10-02T22:53:14Z
2026-10-03T05:28:37Z,MFG EV Power,77,MFG Taunton Deane,1988,INOPERATIVE,50.0,2026-10-03T02:05:49.011Z
2026-10-03T05:28:37Z,MFG EV Power,77,MFG Taunton Deane,1996,CHARGING,150.0,2026-10-03T02:25:49.658Z
2026-10-03T05:28:37Z,MFG EV Power,77,MFG Taunton Deane,2003,AVAILABLE,50.0,2026-10-02T22:08:01Z
2026-10-03T05:28:37Z,MFG EV Power,77,MFG Taunton Deane,2005,AVAILABLE,150.0,2026-10-02T22:08:29Z
2026-10-03T05:28:37Z,MFG EV Power,442,Morrisons Taunton,1165,AVAILABLE,50.0,2026-10-02T09:15:18Z
2026-10-03T05:28:37Z,MFG EV Power,442,Morrisons Taunton,1170,AVAILABLE,50.0,2026-10-02T09:15:18Z
2026-10-03T05:28:37Z,MFG EV Power,601,MFG Taunton,3086,AVAILABLE,400.0,2026-10-02T01:38:24Z
2026-10-03T05:28:37Z,MFG EV Power,601,MFG Taunton,3087,AVAILABLE,400.0,2026-10-02T17:50:27Z
2026-10-03T05:28:37Z,MFG EV Power,601,MFG Taunton,3088,AVAILABLE,400.0,2026-10-02T20:23:17Z
2026-10-03T05:28:37Z,MFG EV Power,601,MFG Taunton,3089,AVAILABLE,400.0,2026-10-02T14:22:38Z
2026-10-03T05:28:37Z,MFG EV Power,601,MFG Taunton,3090,AVAILABLE,400.0,2026-10-02T20:35:26Z
2026-10-03T05:28:37Z,MFG EV Power,601,MFG Taunton,3091,AVAILABLE,400.0,2026-10-02T15:54:32Z
2026-10-03T05:28:37Z,MFG EV Power,601,MFG Taunton,3092,OUTOFORDER,400.0,2026-10-01T13:14:30Z
2026-10-03T05:28:37Z,MFG EV Power,601,MFG Taunton,3093,OUTOFORDER,400.0,2026-10-01T13:14:31Z
2026-10-03T05:46:15Z,MFG EV Power,77,MFG Taunton Deane,1989,AVAILABLE,150.0,2026-10-03T00:55:44.942Z
2026-10-03T05:46:15Z,MFG EV Power,77,MFG Taunton Deane,1990,INOPERATIVE,50.0,2026-10-03T00:29:33.985Z
2026-10-03T05:46:15Z,MFG EV Power,77,MFG Taunton Deane,1992,AVAILABLE,50.0,2026-10-02T22:53:10Z
2026-10-03T05:46:15Z,MFG EV Power,77,MFG Taunton Deane,1993,AVAILABLE,150.0,2026-10-02T22:53:14Z
2026-10-03T05:46:15Z,MFG EV Power,77,MFG Taunton Deane,1988,INOPERATIVE,50.0,2026-10-03T02:05:49.011Z
2026-10-03T05:46:15Z,MFG EV Power,77,MFG Taunton Deane,1996,CHARGING,150.0,2026-10-03T02:25:49.658Z
2026-10-03T05:46:15Z,MFG EV Power,77,MFG Taunton Deane,2003,AVAILABLE,50.0,2026-10-02T22:08:01Z
2026-10-03T05:46:15Z,MFG EV Power,77,MFG Taunton Deane,2005,AVAILABLE,150.0,2026-10-02T22:08:29Z
2026-10-03T05:46:15Z,MFG EV Power,442,Morrisons Taunton,1165,AVAILABLE,50.0,2026-10-02T09:15:18Z
2026-10-03T05:46:15Z,MFG EV Power,442,Morrisons Taunton,1170,AVAILABLE,50.0,2026-10-02T09:15:18Z
2026-10-03T05:46:15Z,MFG EV Power,601,MFG Taunton,3086,AVAILABLE,400.0,2026-10-02T01:38:24Z
2026-10-03T05:46:15Z,MFG EV Power,601,MFG Taunton,3087,AVAILABLE,400.0,2026-10-02T17:50:27Z
2026-10-03T05:46:15Z,MFG EV Power,601,MFG Taunton,3088,AVAILABLE,400.0,2026-10-02T20:23:17Z
2026-10-03T05:46:15Z,MFG EV Power,601,MFG Taunton,3089,AVAILABLE,400.0,2026-10-02T14:22:38Z
2026-10-03T05:46:15Z,MFG EV Power,601,MFG Taunton,3090,AVAILABLE,400.0,2026-10-02T20:35:26Z
2026-10-03T05:46:15Z,MFG EV Power,601,MFG Taunton,3091,AVAILABLE,400.0,2026-10-02T15:54:32Z
2026-10-03T05:46:15Z,MFG EV Power,601,MFG Taunton,3092,OUTOFORDER,400.0,2026-10-01T13:14:30Z
2026-10-03T05:46:15Z,MFG EV Power,601,MFG Taunton,3093,OUTOFORDER,400.0,2026-10-01T13:14:31Z
2026-10-03T06:02:56Z,MFG EV Power,77,MFG Taunton Deane,1989,AVAILABLE,150.0,2026-10-03T00:55:44.942Z
2026-10-03T06:02:56Z,MFG EV Power,77,MFG Taunton Deane,1990,INOPERATIVE,50.0,2026-10-03T00:29:33.985Z
2026-10-03T06:02:56Z,MFG EV Power,77,MFG Taunton Deane,1992,AVAILABLE,50.0,2026-10-02T22:53:10Z
2026-10-03T06:02:56Z,MFG EV Power,77,MFG Taunton Deane,1993,AVAILABLE,150.0,2026-10-02T22:53:14Z
2026-10-03T06:02:56Z,MFG EV Power,77,MFG Taunton Deane,1988,INOPERATIVE,50.0,2026-10-03T05:51:32.705Z
2026-10-03T06:02:56Z,MFG EV Power,77,MFG Taunton Deane,1996,CHARGING,150.0,2026-10-03T05:51:51.363Z
2026-10-03T06:02:56Z,MFG EV Power,77,MFG Taunton Deane,2003,AVAILABLE,50.0,2026-10-02T22:08:01Z
2026-10-03T06:02:56Z,MFG EV Power,77,MFG Taunton Deane,2005,AVAILABLE,150.0,2026-10-02T22:08:29Z
2026-10-03T06:02:56Z,MFG EV Power,442,Morrisons Taunton,1165,AVAILABLE,50.0,2026-10-02T09:15:18Z
2026-10-03T06:02:56Z,MFG EV Power,442,Morrisons Taunton,1170,AVAILABLE,50.0,2026-10-02T09:15:18Z
2026-10-03T06:02:56Z,MFG EV Power,601,MFG Taunton,3086,AVAILABLE,400.0,2026-10-02T01:38:24Z
2026-10-03T06:02:56Z,MFG EV Power,601,MFG Taunton,3087,AVAILABLE,400.0,2026-10-02T17:50:27Z
2026-10-03T06:02:56Z,MFG EV Power,601,MFG Taunton,3088,AVAILABLE,400.0,2026-10-02T20:23:17Z
2026-10-03T06:02:56Z,MFG EV Power,601,MFG Taunton,3089,AVAILABLE,400.0,2026-10-02T14:22:38Z
2026-10-03T06:02:56Z,MFG EV Power,601,MFG Taunton,3090,AVAILABLE,400.0,2026-10-02T20:35:26Z
2026-10-03T06:02:56Z,MFG EV Power,601,MFG Taunton,3091,AVAILABLE,400.0,2026-10-02T15:54:32Z
2026-10-03T06:02:56Z,MFG EV Power,601,MFG Taunton,3092,OUTOFORDER,400.0,2026-10-01T13:14:30Z
2026-10-03T06:02:56Z,MFG EV Power,601,MFG Taunton,3093,OUTOFORDER,400.0,2026-10-01T13:14:31Z
2026-10-03T06:25:47Z,MFG EV Power,77,MFG Taunton Deane,1989,AVAILABLE,150.0,2026-10-03T00:55:44.942Z
2026-10-03T06:25:47Z,MFG EV Power,77,MFG Taunton Deane,1990,INOPERATIVE,50.0,2026-10-03T00:29:33.985Z
2026-10-03T06:25:47Z,MFG EV Power,77,MFG Taunton Deane,1992,AVAILABLE,50.0,2026-10-02T22:53:10Z
2026-10-03T06:25:47Z,MFG EV Power,77,MFG Taunton Deane,1993,AVAILABLE,150.0,2026-10-02T22:53:14Z
2026-10-03T06:25:47Z,MFG EV Power,77,MFG Taunton Deane,1988,AVAILABLE,50.0,2026-10-03T06:06:12.391Z
2026-10-03T06:25:47Z,MFG EV Power,77,MFG Taunton Deane,1996,AVAILABLE,150.0,2026-10-03T06:06:20.524Z
2026-10-03T06:25:47Z,MFG EV Power,77,MFG Taunton Deane,2003,AVAILABLE,50.0,2026-10-02T22:08:01Z
2026-10-03T06:25:47Z,MFG EV Power,77,MFG Taunton Deane,2005,AVAILABLE,150.0,2026-10-02T22:08:29Z
2026-10-03T06:25:47Z,MFG EV Power,442,Morrisons Taunton,1165,AVAILABLE,50.0,2026-10-02T09:15:18Z
2026-10-03T06:25:47Z,MFG EV Power,442,Morrisons Taunton,1170,AVAILABLE,50.0,2026-10-02T09:15:18Z
2026-10-03T06:25:47Z,MFG EV Power,601,MFG Taunton,3086,AVAILABLE,400.0,2026-10-02T01:38:24Z
2026-10-03T06:25:47Z,MFG EV Power,601,MFG Taunton,3087,AVAILABLE,400.0,2026-10-02T17:50:27Z
2026-10-03T06:25:47Z,MFG EV Power,601,MFG Taunton,3088,AVAILABLE,400.0,2026-10-02T20:23:17Z
2026-10-03T06:25:47Z,MFG EV Power,601,MFG Taunton,3089,AVAILABLE,400.0,2026-10-02T14:22:38Z
2026-10-03T06:25:47Z,MFG EV Power,601,MFG Taunton,3090,AVAILABLE,400.0,2026-10-02T20:35:26Z
2026-10-03T06:25:47Z,MFG EV Power,601,MFG Taunton,3091,AVAILABLE,400.0,2026-10-02T15:54:32Z
2026-10-03T06:25:47Z,MFG EV Power,601,MFG Taunton,3092,OUTOFORDER,400.0,2026-10-01T13:14:30Z
2026-10-03T06:25:47Z,MFG EV Power,601,MFG Taunton,3093,OUTOFORDER,400.0,2026-10-01T13:14:31Z
2026-10-03T06:53:52Z,MFG EV Power,77,MFG Taunton Deane,1989,AVAILABLE,150.0,2026-10-03T00:55:44.942Z
2026-10-03T06:53:52Z,MFG EV Power,77,MFG Taunton Deane,1990,INOPERATIVE,50.0,2026-10-03T00:29:33.985Z
2026-10-03T06:53:52Z,MFG EV Power,77,MFG Taunton Deane,1992,AVAILABLE,50.0,2026-10-02T22:53:10Z
2026-10-03T06:53:52Z,MFG EV Power,77,MFG Taunton Deane,1993,AVAILABLE,150.0,2026-10-02T22:53:14Z
2026-10-03T06:53:52Z,MFG EV Power,77,MFG Taunton Deane,1988,AVAILABLE,50.0,2026-10-03T06:06:12.391Z
2026-10-03T06:53:52Z,MFG EV Power,77,MFG Taunton Deane,1996,AVAILABLE,150.0,2026-10-03T06:06:20.524Z
2026-10-03T06:53:52Z,MFG EV Power,77,MFG Taunton Deane,2003,AVAILABLE,50.0,2026-10-02T22:08:01Z
2026-10-03T06:53:52Z,MFG EV Power,77,MFG Taunton Deane,2005,AVAILABLE,150.0,2026-10-02T22:08:29Z
2026-10-03T06:53:52Z,MFG EV Power,442,Morrisons Taunton,1165,AVAILABLE,50.0,2026-10-02T09:15:18Z
2026-10-03T06:53:52Z,MFG EV Power,442,Morrisons Taunton,1170,AVAILABLE,50.0,2026-10-02T09:15:18Z
2026-10-03T06:53:52Z,MFG EV Power,601,MFG Taunton,3086,AVAILABLE,400.0,2026-10-02T01:38:24Z
2026-10-03T06:53:52Z,MFG EV Power,601,MFG Taunton,3087,AVAILABLE,400.0,2026-10-02T17:50:27Z
2026-10-03T06:53:52Z,MFG EV Power,601,MFG Taunton,3088,AVAILABLE,400.0,2026-10-02T20:23:17Z
2026-10-03T06:53:52Z,MFG EV Power,601,MFG Taunton,3089,AVAILABLE,400.0,2026-10-02T14:22:38Z
2026-10-03T06:53:52Z,MFG EV Power,601,MFG Taunton,3090,AVAILABLE,400.0,2026-10-02T20:35:26Z
2026-10-03T06:53:52Z,MFG EV Power,601,MFG Taunton,3091,AVAILABLE,400.0,2026-10-02T15:54:32Z
2026-10-03T06:53:52Z,MFG EV Power,601,MFG Taunton,3092,OUTOFORDER,400.0,2026-10-01T13:14:30Z
2026-10-03T06:53:52Z,MFG EV Power,601,MFG Taunton,3093,OUTOFORDER,400.0,2026-10-01T13:14:31Z
2026-10-03T07:08:17Z,MFG EV Power,77,MFG Taunton Deane,1989,AVAILABLE,150.0,2026-10-03T00:55:44.942Z
2026-10-03T07:08:17Z,MFG EV Power,77,MFG Taunton Deane,1990,INOPERATIVE,50.0,2026-10-03T00:29:33.985Z
2026-10-03T07:08:17Z,MFG EV Power,77,MFG Taunton Deane,1992,AVAILABLE,50.0,2026-10-02T22:53:10Z
2026-10-03T07:08:17Z,MFG EV Power,77,MFG Taunton Deane,1993,AVAILABLE,150.0,2026-10-02T22:53:14Z
2026-10-03T07:08:17Z,MFG EV Power,77,MFG Taunton Deane,1988,AVAILABLE,50.0,2026-10-03T06:06:12.391Z
2026-10-03T07:08:17Z,MFG EV Power,77,MFG Taunton Deane,1996,AVAILABLE,150.0,2026-10-03T06:06:20.524Z
2026-10-03T07:08:17Z,MFG EV Power,77,MFG Taunton Deane,2003,AVAILABLE,50.0,2026-10-02T22:08:01Z
2026-10-03T07:08:17Z,MFG EV Power,77,MFG Taunton Deane,2005,AVAILABLE,150.0,2026-10-02T22:08:29Z
2026-10-03T07:08:17Z,MFG EV Power,442,Morrisons Taunton,1165,AVAILABLE,50.0,2026-10-02T09:15:18Z
2026-10-03T07:08:17Z,MFG EV Power,442,Morrisons Taunton,1170,AVAILABLE,50.0,2026-10-02T09:15:18Z
2026-10-03T07:08:17Z,MFG EV Power,601,MFG Taunton,3086,AVAILABLE,400.0,2026-10-02T01:38:24Z
2026-10-03T07:08:17Z,MFG EV Power,601,MFG Taunton,3087,AVAILABLE,400.0,2026-10-02T17:50:27Z
2026-10-03T07:08:17Z,MFG EV Power,601,MFG Taunton,3088,AVAILABLE,400.0,2026-10-02T20:23:17Z
2026-10-03T07:08:17Z,MFG EV Power,601,MFG Taunton,3089,AVAILABLE,400.0,2026-10-02T14:22:38Z
2026-10-03T07:08:17Z,MFG EV Power,601,MFG Taunton,3090,AVAILABLE,400.0,2026-10-02T20:35:26Z
2026-10-03T07:08:17Z,MFG EV Power,601,MFG Taunton,3091,AVAILABLE,400.0,2026-10-02T15:54:32Z
2026-10-03T07:08:17Z,MFG EV Power,601,MFG Taunton,3092,OUTOFORDER,400.0,2026-10-01T13:14:30Z
2026-10-03T07:08:17Z,MFG EV Power,601,MFG Taunton,3093,OUTOFORDER,400.0,2026-10-01T13:14:31Z
2026-10-03T07:24:17Z,MFG EV Power,77,MFG Taunton Deane,1989,AVAILABLE,150.0,2026-10-03T00:55:44.942Z
2026-10-03T07:24:17Z,MFG EV Power,77,MFG Taunton Deane,1990,INOPERATIVE,50.0,2026-10-03T00:29:33.985Z
2026-10-03T07:24:17Z,MFG EV Power,77,MFG Taunton Deane,1992,AVAILABLE,50.0,2026-10-02T22:53:10Z
2026-10-03T07:24:17Z,MFG EV Power,77,MFG Taunton Deane,1993,AVAILABLE,150.0,2026-10-02T22:53:14Z
2026-10-03T07:24:17Z,MFG EV Power,77,MFG Taunton Deane,1988,INOPERATIVE,50.0,2026-10-03T07:18:31.535Z
2026-10-03T07:24:17Z,MFG EV Power,77,MFG Taunton Deane,1996,CHARGING,150.0,2026-10-03T07:18:53.631Z
2026-10-03T07:24:17Z,MFG EV Power,77,MFG Taunton Deane,2003,AVAILABLE,50.0,2026-10-02T22:08:01Z
2026-10-03T07:24:17Z,MFG EV Power,77,MFG Taunton Deane,2005,AVAILABLE,150.0,2026-10-02T22:08:29Z
2026-10-03T07:24:17Z,MFG EV Power,442,Morrisons Taunton,1165,AVAILABLE,50.0,2026-10-02T09:15:18Z
2026-10-03T07:24:17Z,MFG EV Power,442,Morrisons Taunton,1170,AVAILABLE,50.0,2026-10-02T09:15:18Z
2026-10-03T07:24:17Z,MFG EV Power,601,MFG Taunton,3086,AVAILABLE,400.0,2026-10-02T01:38:24Z
2026-10-03T07:24:17Z,MFG EV Power,601,MFG Taunton,3087,AVAILABLE,400.0,2026-10-02T17:50:27Z
2026-10-03T07:24:17Z,MFG EV Power,601,MFG Taunton,3088,AVAILABLE,400.0,2026-10-02T20:23:17Z
2026-10-03T07:24:17Z,MFG EV Power,601,MFG Taunton,3089,AVAILABLE,400.0,2026-10-02T14:22:38Z
2026-10-03T07:24:17Z,MFG EV Power,601,MFG Taunton,3090,AVAILABLE,400.0,2026-10-02T20:35:26Z
2026-10-03T07:24:17Z,MFG EV Power,601,MFG Taunton,3091,AVAILABLE,400.0,2026-10-02T15:54:32Z
2026-10-03T07:24:17Z,MFG EV Power,601,MFG Taunton,3092,OUTOFORDER,400.0,2026-10-01T13:14:30Z
2026-10-03T07:24:17Z,MFG EV Power,601,MFG Taunton,3093,OUTOFORDER,400.0,2026-10-01T13:14:31Z
2026-10-03T07:39:05Z,MFG EV Power,77,MFG Taunton Deane,1989,AVAILABLE,150.0,2026-10-03T00:55:44.942Z
2026-10-03T07:39:05Z,MFG EV Power,77,MFG Taunton Deane,1990,INOPERATIVE,50.0,2026-10-03T00:29:33.985Z
2026-10-03T07:39:05Z,MFG EV Power,77,MFG Taunton Deane,1992,AVAILABLE,50.0,2026-10-02T22:53:10Z
2026-10-03T07:39:05Z,MFG EV Power,77,MFG Taunton Deane,1993,AVAILABLE,150.0,2026-10-02T22:53:14Z
2026-10-03T07:39:05Z,MFG EV Power,77,MFG Taunton Deane,1988,INOPERATIVE,50.0,2026-10-03T07:18:31.535Z
2026-10-03T07:39:05Z,MFG EV Power,77,MFG Taunton Deane,1996,CHARGING,150.0,2026-10-03T07:18:53.631Z
2026-10-03T07:39:05Z,MFG EV Power,77,MFG Taunton Deane,2003,AVAILABLE,50.0,2026-10-02T22:08:01Z
2026-10-03T07:39:05Z,MFG EV Power,77,MFG Taunton Deane,2005,AVAILABLE,150.0,2026-10-02T22:08:29Z
2026-10-03T07:39:05Z,MFG EV Power,442,Morrisons Taunton,1165,AVAILABLE,50.0,2026-10-02T09:15:18Z
2026-10-03T07:39:05Z,MFG EV Power,442,Morrisons Taunton,1170,AVAILABLE,50.0,2026-10-02T09:15:18Z
2026-10-03T07:39:05Z,MFG EV Power,601,MFG Taunton,3086,AVAILABLE,400.0,2026-10-02T01:38:24Z
2026-10-03T07:39:05Z,MFG EV Power,601,MFG Taunton,3087,AVAILABLE,400.0,2026-10-02T17:50:27Z
2026-10-03T07:39:05Z,MFG EV Power,601,MFG Taunton,3088,AVAILABLE,400.0,2026-10-02T20:23:17Z
2026-10-03T07:39:05Z,MFG EV Power,601,MFG Taunton,3089,AVAILABLE,400.0,2026-10-02T14:22:38Z
2026-10-03T07:39:05Z,MFG EV Power,601,MFG Taunton,3090,AVAILABLE,400.0,2026-10-02T20:35:26Z
2026-10-03T07:39:05Z,MFG EV Power,601,MFG Taunton,3091,AVAILABLE,400.0,2026-10-02T15:54:32Z
2026-10-03T07:39:05Z,MFG EV Power,601,MFG Taunton,3092,OUTOFORDER,400.0,2026-10-01T13:14:30Z
2026-10-03T07:39:05Z,MFG EV Power,601,MFG Taunton,3093,OUTOFORDER,400.0,2026-10-01T13:14:31Z
2026-10-03T07:51:51Z,MFG EV Power,77,MFG Taunton Deane,1989,AVAILABLE,150.0,2026-10-03T00:55:44.942Z
2026-10-03T07:51:51Z,MFG EV Power,77,MFG Taunton Deane,1990,INOPERATIVE,50.0,2026-10-03T00:29:33.985Z
2026-10-03T07:51:51Z,MFG EV Power,77,MFG Taunton Deane,1992,AVAILABLE,50.0,2026-10-02T22:53:10Z
2026-10-03T07:51:51Z,MFG EV Power,77,MFG Taunton Deane,1993,AVAILABLE,150.0,2026-10-02T22:53:14Z
2026-10-03T07:51:51Z,MFG EV Power,77,MFG Taunton Deane,1988,INOPERATIVE,50.0,2026-10-03T07:18:31.535Z
2026-10-03T07:51:51Z,MFG EV Power,77,MFG Taunton Deane,1996,CHARGING,150.0,2026-10-03T07:18:53.631Z
2026-10-03T07:51:51Z,MFG EV Power,77,MFG Taunton Deane,2003,AVAILABLE,50.0,2026-10-02T22:08:01Z
2026-10-03T07:51:51Z,MFG EV Power,77,MFG Taunton Deane,2005,AVAILABLE,150.0,2026-10-02T22:08:29Z
2026-10-03T07:51:51Z,MFG EV Power,442,Morrisons Taunton,1165,AVAILABLE,50.0,2026-10-02T09:15:18Z
2026-10-03T07:51:51Z,MFG EV Power,442,Morrisons Taunton,1170,AVAILABLE,50.0,2026-10-02T09:15:18Z
2026-10-03T07:51:51Z,MFG EV Power,601,MFG Taunton,3086,AVAILABLE,400.0,2026-10-02T01:38:24Z
2026-10-03T07:51:51Z,MFG EV Power,601,MFG Taunton,3087,AVAILABLE,400.0,2026-10-02T17:50:27Z
2026-10-03T07:51:51Z,MFG EV Power,601,MFG Taunton,3088,AVAILABLE,400.0,2026-10-02T20:23:17Z
2026-10-03T07:51:51Z,MFG EV Power,601,MFG Taunton,3089,AVAILABLE,400.0,2026-10-02T14:22:38Z
2026-10-03T07:51:51Z,MFG EV Power,601,MFG Taunton,3090,AVAILABLE,400.0,2026-10-02T20:35:26Z
2026-10-03T07:51:51Z,MFG EV Power,601,MFG Taunton,3091,AVAILABLE,400.0,2026-10-02T15:54:32Z
2026-10-03T07:51:51Z,MFG EV Power,601,MFG Taunton,3092,OUTOFORDER,400.0,2026-10-01T13:14:30Z
2026-10-03T07:51:51Z,MFG EV Power,601,MFG Taunton,3093,OUTOFORDER,400.0,2026-10-01T13:14:31Z
2026-10-03T08:00:08Z,MFG EV Power,77,MFG Taunton Deane,1989,AVAILABLE,150.0,2026-10-03T00:55:44.942Z
2026-10-03T08:00:08Z,MFG EV Power,77,MFG Taunton Deane,1990,INOPERATIVE,50.0,2026-10-03T00:29:33.985Z
2026-10-03T08:00:08Z,MFG EV Power,77,MFG Taunton Deane,1992,AVAILABLE,50.0,2026-10-02T22:53:10Z
2026-10-03T08:00:08Z,MFG EV Power,77,MFG Taunton Deane,1993,AVAILABLE,150.0,2026-10-02T22:53:14Z
2026-10-03T08:00:08Z,MFG EV Power,77,MFG Taunton Deane,1988,AVAILABLE,50.0,2026-10-03T07:57:03.863Z
2026-10-03T08:00:08Z,MFG EV Power,77,MFG Taunton Deane,1996,AVAILABLE,150.0,2026-10-03T07:57:09.989Z
2026-10-03T08:00:08Z,MFG EV Power,77,MFG Taunton Deane,2003,AVAILABLE,50.0,2026-10-02T22:08:01Z
2026-10-03T08:00:08Z,MFG EV Power,77,MFG Taunton Deane,2005,AVAILABLE,150.0,2026-10-02T22:08:29Z
2026-10-03T08:00:08Z,MFG EV Power,442,Morrisons Taunton,1165,AVAILABLE,50.0,2026-10-02T09:15:18Z
2026-10-03T08:00:08Z,MFG EV Power,442,Morrisons Taunton,1170,AVAILABLE,50.0,2026-10-02T09:15:18Z
2026-10-03T08:00:08Z,MFG EV Power,601,MFG Taunton,3086,AVAILABLE,400.0,2026-10-02T01:38:24Z
2026-10-03T08:00:08Z,MFG EV Power,601,MFG Taunton,3087,AVAILABLE,400.0,2026-10-02T17:50:27Z
2026-10-03T08:00:08Z,MFG EV Power,601,MFG Taunton,3088,AVAILABLE,400.0,2026-10-02T20:23:17Z
2026-10-03T08:00:08Z,MFG EV Power,601,MFG Taunton,3089,AVAILABLE,400.0,2026-10-02T14:22:38Z
2026-10-03T08:00:08Z,MFG EV Power,601,MFG Taunton,3090,AVAILABLE,400.0,2026-10-02T20:35:26Z
2026-10-03T08:00:08Z,MFG EV Power,601,MFG Taunton,3091,AVAILABLE,400.0,2026-10-02T15:54:32Z
2026-10-03T08:00:08Z,MFG EV Power,601,MFG Taunton,3092,OUTOFORDER,400.0,2026-10-01T13:14:30Z
2026-10-03T08:00:08Z,MFG EV Power,601,MFG Taunton,3093,OUTOFORDER,400.0,2026-10-01T13:14:31Z
2026-10-03T08:13:54Z,MFG EV Power,77,MFG Taunton Deane,1989,AVAILABLE,150.0,2026-10-03T00:55:44.942Z
2026-10-03T08:13:54Z,MFG EV Power,77,MFG Taunton Deane,1990,INOPERATIVE,50.0,2026-10-03T00:29:33.985Z
2026-10-03T08:13:54Z,MFG EV Power,77,MFG Taunton Deane,1992,AVAILABLE,50.0,2026-10-02T22:53:10Z
2026-10-03T08:13:54Z,MFG EV Power,77,MFG Taunton Deane,1993,AVAILABLE,150.0,2026-10-02T22:53:14Z
2026-10-03T08:13:54Z,MFG EV Power,77,MFG Taunton Deane,1988,AVAILABLE,50.0,2026-10-03T07:57:03.863Z
2026-10-03T08:13:54Z,MFG EV Power,77,MFG Taunton Deane,1996,AVAILABLE,150.0,2026-10-03T07:57:09.989Z
2026-10-03T08:13:54Z,MFG EV Power,77,MFG Taunton Deane,2003,AVAILABLE,50.0,2026-10-02T22:08:01Z
2026-10-03T08:13:54Z,MFG EV Power,77,MFG Taunton Deane,2005,AVAILABLE,150.0,2026-10-02T22:08:29Z
2026-10-03T08:13:54Z,MFG EV Power,442,Morrisons Taunton,1165,AVAILABLE,50.0,2026-10-02T09:15:18Z
2026-10-03T08:13:54Z,MFG EV Power,442,Morrisons Taunton,1170,AVAILABLE,50.0,2026-10-02T09:15:18Z
2026-10-03T08:13:54Z,MFG EV Power,601,MFG Taunton,3086,AVAILABLE,400.0,2026-10-02T01:38:24Z
2026-10-03T08:13:54Z,MFG EV Power,601,MFG Taunton,3087,AVAILABLE,400.0,2026-10-02T17:50:27Z
2026-10-03T08:13:54Z,MFG EV Power,601,MFG Taunton,3088,AVAILABLE,400.0,2026-10-02T20:23:17Z
2026-10-03T08:13:54Z,MFG EV Power,601,MFG Taunton,3089,AVAILABLE,400.0,2026-10-02T14:22:38Z
2026-10-03T08:13:54Z,MFG EV Power,601,MFG Taunton,3090,AVAILABLE,400.0,2026-10-02T20:35:26Z
2026-10-03T08:13:54Z,MFG EV Power,601,MFG Taunton,3091,AVAILABLE,400.0,2026-10-02T15:54:32Z
2026-10-03T08:13:54Z,MFG EV Power,601,MFG Taunton,3092,OUTOFORDER,400.0,2026-10-01T13:14:30Z
2026-10-03T08:13:54Z,MFG EV Power,601,MFG Taunton,3093,OUTOFORDER,400.0,2026-10-01T13:14:31Z
